date,revenue,revenue_original,dayofweek,month,lag_1,lag_2,lag_3,lag_7,lag_14,lag_21,rolling_mean_7,rolling_std_7,weekofyear,is_holiday
2010-12-01,46376.49,46376.49,2,12,,,,,,,,,48,False
2010-12-02,47316.53,47316.53,3,12,46376.49,,,,,,,,48,False
2010-12-03,23921.71,23921.71,4,12,47316.53,46376.49,,,,,,,48,False
2010-12-04,0.0,0.0,5,12,23921.71,47316.53,46376.49,,,,,,48,False
2010-12-05,31771.6,31771.6,6,12,0.0,23921.71,47316.53,,,,,,48,False
2010-12-06,31215.64,31215.64,0,12,31771.6,0.0,23921.71,,,,,,49,False
2010-12-07,53795.31,53795.31,1,12,31215.64,31771.6,0.0,,,,33485.32571428571,18215.36852545203,49,False
2010-12-08,39248.82,39248.82,2,12,53795.31,31215.64,31771.6,46376.49,,,32467.08714285714,17562.15620935132,49,False
2010-12-09,38231.9,38231.9,3,12,39248.82,53795.31,31215.64,47316.53,,,31169.282857142858,16590.725454764088,49,False
2010-12-10,33650.28,33650.28,4,12,38231.9,39248.82,53795.31,23921.71,,,32559.078571428574,16287.113189590953,49,False
2010-12-11,0.0,0.0,5,12,33650.28,38231.9,39248.82,0.0,,,32559.07857142857,16287.113189590955,49,False
2010-12-12,17305.77,17305.77,6,12,0.0,33650.28,38231.9,31771.6,,,30492.53142857143,17290.504699219964,49,False
2010-12-13,27642.68,27642.68,0,12,17305.77,0.0,33650.28,31215.64,,,29982.10857142857,17318.31575351024,50,False
2010-12-14,29322.3,29322.3,1,12,27642.68,17305.77,0.0,53795.31,,,26485.964285714286,13828.412624238375,50,False
2010-12-15,30311.72,30311.72,2,12,29322.3,27642.68,17305.77,39248.82,46376.49,,25209.235714285714,12830.209430111756,50,False
2010-12-16,49030.08,49030.08,3,12,30311.72,29322.3,27642.68,38231.9,47316.53,,26751.832857142854,15104.47637784322,50,False
2010-12-17,20046.56,20046.56,4,12,49030.08,30311.72,29322.3,33650.28,23921.71,,24808.444285714282,14943.259556413006,50,False
2010-12-18,0.0,0.0,5,12,20046.56,49030.08,30311.72,0.0,0.0,,24808.444285714282,14943.259556413006,50,False
2010-12-19,7417.39,7417.39,6,12,0.0,20046.56,49030.08,17305.77,31771.6,,23395.818571428572,16186.394002847403,50,False
2010-12-20,19621.96,19621.96,0,12,7417.39,0.0,20046.56,27642.68,31215.64,,22250.00142857143,16119.408606511624,51,False
2010-12-21,15951.66,15951.66,1,12,19621.96,7417.39,0.0,29322.3,53795.31,,20339.91,15932.799271476648,51,False
2010-12-22,4886.52,4886.52,2,12,15951.66,19621.96,7417.39,30311.72,39248.82,46376.49,16707.73857142857,16176.86691215415,51,False
2010-12-23,5648.97,5648.97,3,12,4886.52,15951.66,19621.96,49030.08,38231.9,47316.53,10510.437142857143,7946.308686811168,51,False
2010-12-24,0.0,0.0,4,12,5648.97,4886.52,15951.66,20046.56,33650.28,23921.71,7646.642857142856,7538.626712778924,51,True
2010-12-25,0.0,0.0,5,12,0.0,5648.97,4886.52,0.0,0.0,0.0,7646.642857142857,7538.626712778924,51,True
2010-12-26,0.0,0.0,6,12,0.0,0.0,5648.97,7417.39,17305.77,31771.6,6587.015714285713,8078.203994151716,51,True
2010-12-27,0.0,0.0,0,12,0.0,0.0,0.0,19621.96,27642.68,31215.64,3783.878571428572,5916.364835827357,52,True
2010-12-28,0.0,0.0,1,12,0.0,0.0,0.0,15951.66,29322.3,53795.31,1505.0700000000002,2579.802635765028,52,True
2010-12-29,0.0,0.0,2,12,0.0,0.0,0.0,4886.52,30311.72,39248.82,806.9957142857144,2135.109969094978,52,True
2010-12-30,0.0,0.0,3,12,0.0,0.0,0.0,5648.97,49030.08,38231.9,0.0,0.0,52,True
2010-12-31,0.0,0.0,4,12,0.0,0.0,0.0,0.0,20046.56,33650.28,0.0,0.0,52,True
2011-01-01,0.0,0.0,5,1,0.0,0.0,0.0,0.0,0.0,0.0,0.0,0.0,52,True
2011-01-02,0.0,0.0,6,1,0.0,0.0,0.0,0.0,7417.39,17305.77,0.0,0.0,52,True
2011-01-03,0.0,0.0,0,1,0.0,0.0,0.0,0.0,19621.96,27642.68,0.0,0.0,1,False
2011-01-04,12125.46,12125.46,1,1,0.0,0.0,0.0,0.0,15951.66,29322.3,1732.2085714285713,4582.993098894464,1,False
2011-01-05,28803.63,28803.63,2,1,12125.46,0.0,0.0,0.0,4886.52,30311.72,5847.012857142857,11085.748854026828,1,False
2011-01-06,34360.19,34360.19,3,1,28803.63,12125.46,0.0,0.0,5648.97,49030.08,10755.611428571428,14986.1953021644,1,False
2011-01-07,23797.79,23797.79,4,1,34360.19,28803.63,12125.46,0.0,0.0,20046.56,14155.295714285716,14838.16346338371,1,False
2011-01-08,0.0,0.0,5,1,23797.79,34360.19,28803.63,0.0,0.0,0.0,14155.295714285716,14838.16346338371,1,False
2011-01-09,15778.2,15778.2,6,1,0.0,23797.79,34360.19,0.0,0.0,7417.39,16409.324285714287,13464.295239339312,1,False
2011-01-10,15346.83,15346.83,0,1,15778.2,0.0,23797.79,0.0,0.0,19621.96,18601.72857142857,11445.086227153599,2,False
2011-01-11,60268.78,60268.78,1,1,15346.83,15778.2,0.0,12125.46,0.0,15951.66,25479.345714285715,18925.422891258255,2,False
2011-01-12,17153.94,17153.94,2,1,60268.78,15346.83,15778.2,28803.63,0.0,4886.52,23815.104285714286,19095.825928044116,2,False
2011-01-13,15171.31,15171.31,3,1,17153.94,60268.78,15346.83,34360.19,0.0,5648.97,21073.835714285717,18703.020613937257,2,False
2011-01-14,39532.02,39532.02,4,1,15171.31,17153.94,60268.78,23797.79,0.0,0.0,23321.582857142854,19986.39516504224,2,False
2011-01-15,0.0,0.0,5,1,39532.02,15171.31,17153.94,0.0,0.0,0.0,23321.582857142854,19986.39516504224,2,False
2011-01-16,7242.06,7242.06,6,1,0.0,39532.02,15171.31,15778.2,0.0,0.0,22102.134285714284,20768.46566638458,2,False
2011-01-17,16597.35,16597.35,0,1,7242.06,0.0,39532.02,15346.83,0.0,0.0,22280.78,20705.95772080989,3,False
2011-01-18,87589.11,87589.11,1,1,16597.35,7242.06,0.0,60268.78,12125.46,0.0,26183.684285714284,29686.925576647853,3,False
2011-01-19,21646.78,21646.78,2,1,87589.11,16597.35,7242.06,17153.94,28803.63,0.0,26825.518571428573,29507.187997279256,3,False
2011-01-20,15244.73,15244.73,3,1,21646.78,87589.11,16597.35,15171.31,34360.19,0.0,26836.007142857143,29502.36763798103,3,False
2011-01-21,24279.76,24279.76,4,1,15244.73,21646.78,87589.11,39532.02,23797.79,0.0,24657.11285714286,28966.793552583455,3,False
2011-01-22,0.0,0.0,5,1,24279.76,15244.73,21646.78,0.0,0.0,0.0,24657.11285714286,28966.793552583455,3,False
2011-01-23,10400.25,10400.25,6,1,0.0,24279.76,15244.73,7242.06,15778.2,0.0,25108.282857142858,28673.448706180956,3,False
2011-01-24,17632.37,17632.37,0,1,10400.25,0.0,24279.76,16597.35,15346.83,0.0,25256.14285714286,28624.873278111187,4,False
2011-01-25,24119.3,24119.3,1,1,17632.37,10400.25,0.0,87589.11,60268.78,12125.46,16189.027142857143,8724.541328375026,4,False
2011-01-26,17490.82,17490.82,2,1,24119.3,17632.37,10400.25,21646.78,17153.94,28803.63,15595.31857142857,8427.592555230765,4,False
2011-01-27,22157.03,22157.03,3,1,17490.82,24119.3,17632.37,15244.73,15171.31,34360.19,16582.79,8777.369987944381,4,False
2011-01-28,17273.5,17273.5,4,1,22157.03,17490.82,24119.3,24279.76,39532.02,23797.79,15581.895714285713,8128.904712573233,4,False
2011-01-29,0.0,0.0,5,1,17273.5,22157.03,17490.82,0.0,0.0,0.0,15581.895714285713,8128.904712573232,4,False
2011-01-30,6615.75,6615.75,6,1,0.0,17273.5,22157.03,10400.25,7242.06,15778.2,15041.252857142856,8640.70603524526,4,False
2011-01-31,18818.08,18818.08,0,1,6615.75,0.0,17273.5,17632.37,16597.35,15346.83,15210.64,8711.300093508818,5,False
2011-02-01,26376.5,26376.5,1,2,18818.08,6615.75,0.0,24119.3,87589.11,60268.78,15533.097142857141,9127.8406737861,5,False
2011-02-02,17145.23,17145.23,2,2,26376.5,18818.08,6615.75,17490.82,21646.78,17153.94,15483.727142857142,9116.41453625952,5,False
2011-02-03,22184.0,22184.0,3,2,17145.23,26376.5,18818.08,22157.03,15244.73,15171.31,15487.58,9119.71002286623,5,False
2011-02-04,18114.31,18114.31,4,2,22184.0,17145.23,26376.5,17273.5,24279.76,39532.02,15607.695714285714,9152.630506761176,5,False
2011-02-05,0.0,0.0,5,2,18114.31,22184.0,17145.23,0.0,0.0,0.0,15607.695714285714,9152.630506761176,5,False
2011-02-06,3457.11,3457.11,6,2,0.0,18114.31,22184.0,6615.75,10400.25,7242.06,15156.461428571429,9729.510350535686,5,False
2011-02-07,23415.01,23415.01,0,2,3457.11,0.0,18114.31,18818.08,17632.37,16597.35,15813.165714285715,10163.312946401647,6,False
2011-02-08,14168.03,14168.03,1,2,23415.01,3457.11,0.0,26376.5,24119.3,87589.11,14069.098571428573,9033.157709000827,6,False
2011-02-09,11920.78,11920.78,2,2,14168.03,23415.01,3457.11,17145.23,17490.82,21646.78,13322.748571428572,8952.104492195178,6,False
2011-02-10,14198.51,14198.51,3,2,11920.78,14168.03,23415.01,22184.0,22157.03,15244.73,12181.964285714286,8103.255608383297,6,False
2011-02-11,18599.46,18599.46,4,2,14198.51,11920.78,14168.03,18114.31,17273.5,24279.76,12251.27142857143,8164.296356060397,6,False
2011-02-12,0.0,0.0,5,2,18599.46,14198.51,11920.78,0.0,0.0,0.0,12251.271428571428,8164.296356060397,6,False
2011-02-13,5713.63,5713.63,6,2,0.0,18599.46,14198.51,3457.11,6615.75,10400.25,12573.63142857143,7795.409742994981,6,False
2011-02-14,23003.99,23003.99,0,2,5713.63,0.0,18599.46,23415.01,18818.08,17632.37,12514.914285714285,7701.117181363712,7,False
2011-02-15,37784.65,37784.65,1,2,23003.99,5713.63,0.0,14168.03,26376.5,24119.3,15888.717142857144,12328.77505756042,7,False
2011-02-16,23499.22,23499.22,2,2,37784.65,23003.99,5713.63,11920.78,17145.23,17490.82,17542.780000000002,12483.42853239713,7,False
2011-02-17,17674.79,17674.79,3,2,23499.22,37784.65,23003.99,14198.51,22184.0,22157.03,18039.39142857143,12397.06182912633,7,False
2011-02-18,14463.06,14463.06,4,2,17674.79,23499.22,37784.65,18599.46,18114.31,17273.5,17448.477142857144,12464.316158551335,7,False
2011-02-19,0.0,0.0,5,2,14463.06,17674.79,23499.22,0.0,0.0,0.0,17448.477142857144,12464.316158551335,7,False
2011-02-20,9624.69,9624.69,6,2,0.0,14463.06,17674.79,5713.63,3457.11,6615.75,18007.2,11926.684877302108,7,False
2011-02-21,32801.73,32801.73,0,2,9624.69,0.0,14463.06,23003.99,23415.01,18818.08,19406.877142857145,13125.493056528985,8,False
2011-02-22,29160.48,29160.48,1,2,32801.73,9624.69,0.0,37784.65,14168.03,26376.5,18174.852857142858,11404.943770750937,8,False
2011-02-23,19348.07,19348.07,2,2,29160.48,32801.73,9624.69,23499.22,11920.78,17145.23,17581.83142857143,11187.807996304775,8,False
2011-02-24,21472.89,21472.89,3,2,19348.07,29160.48,32801.73,17674.79,14198.51,22184.0,18124.417142857143,11284.747724856647,8,False
2011-02-25,18377.69,18377.69,4,2,21472.89,19348.07,29160.48,14463.06,18599.46,18114.31,18683.649999999998,11169.471850950105,8,False
2011-02-26,0.0,0.0,5,2,18377.69,21472.89,19348.07,0.0,0.0,0.0,18683.649999999998,11169.471850950105,8,False
2011-02-27,9526.5,9526.5,6,2,0.0,18377.69,21472.89,9624.69,5713.63,3457.11,18669.622857142855,11182.798331147886,8,False
2011-02-28,15107.02,15107.02,0,2,9526.5,0.0,18377.69,32801.73,23003.99,23415.01,16141.807142857142,9296.743084843778,9,False
2011-03-01,23631.87,23631.87,1,3,15107.02,9526.5,0.0,29160.48,37784.65,14168.03,15352.005714285715,8173.384513979629,9,False
2011-03-02,18686.99,18686.99,2,3,23631.87,15107.02,9526.5,19348.07,23499.22,11920.78,15257.565714285713,8123.18127845009,9,False
2011-03-03,32855.05,32855.05,3,3,18686.99,23631.87,15107.02,21472.89,17674.79,14198.51,16883.588571428572,10395.91257322709,9,False
2011-03-04,17322.47,17322.47,4,3,32855.05,18686.99,23631.87,18377.69,14463.06,18599.46,16732.842857142856,10378.272153221073,9,False
2011-03-05,0.0,0.0,5,3,17322.47,32855.05,18686.99,0.0,0.0,0.0,16732.842857142856,10378.272153221073,9,False
2011-03-06,9997.42,9997.42,6,3,0.0,17322.47,32855.05,9526.5,9624.69,5713.63,16800.117142857143,10325.163922840351,9,False
2011-03-07,20285.68,20285.68,0,3,9997.42,0.0,17322.47,15107.02,32801.73,23003.99,17539.925714285717,10369.067891575181,10,False
2011-03-08,22230.61,22230.61,1,3,20285.68,9997.42,0.0,23631.87,29160.48,37784.65,17339.745714285713,10244.637973933584,10,False
2011-03-09,20345.87,20345.87,2,3,22230.61,20285.68,9997.42,18686.99,19348.07,23499.22,17576.72857142857,10300.034249421102,10,False
2011-03-10,24431.72,24431.72,3,3,20345.87,22230.61,20285.68,32855.05,21472.89,17674.79,16373.395714285714,8563.215569038808,10,False
2011-03-11,20896.0,20896.0,4,3,24431.72,20345.87,22230.61,17322.47,18377.69,14463.06,16883.9,8734.041355869196,10,False
2011-03-12,0.0,0.0,5,3,20896.0,24431.72,20345.87,0.0,0.0,0.0,16883.9,8734.041355869196,10,False
2011-03-13,4148.12,4148.12,6,3,0.0,20896.0,24431.72,9997.42,9526.5,9624.69,16048.285714285714,9726.164002428122,10,False
2011-03-14,26009.25,26009.25,0,3,4148.12,0.0,20896.0,20285.68,15107.02,32801.73,16865.93857142857,10361.587740446976,11,False
2011-03-15,14936.43,14936.43,1,3,26009.25,4148.12,0.0,22230.61,23631.87,29160.48,15823.912857142856,10095.523625877819,11,False
2011-03-16,21820.66,21820.66,2,3,14936.43,26009.25,4148.12,20345.87,18686.99,19348.07,16034.597142857141,10220.239303295393,11,False
2011-03-17,32028.94,32028.94,3,3,21820.66,14936.43,26009.25,24431.72,32855.05,21472.89,17119.914285714283,11574.26517861625,11,False
2011-03-18,23398.74,23398.74,4,3,32028.94,21820.66,14936.43,20896.0,17322.47,18377.69,17477.448571428573,11747.70686999585,11,False
2011-03-19,0.0,0.0,5,3,23398.74,32028.94,21820.66,0.0,0.0,0.0,17477.448571428573,11747.70686999585,11,False
2011-03-20,20084.8,20084.8,6,3,0.0,23398.74,32028.94,4148.12,9997.42,9526.5,19754.117142857143,10172.64668148645,11,False
2011-03-21,16051.05,16051.05,0,3,20084.8,0.0,23398.74,26009.25,20285.68,15107.02,18331.51714285714,9843.068008520375,12,False
2011-03-22,19064.29,19064.29,1,3,16051.05,20084.8,0.0,14936.43,22230.61,23631.87,18921.21142857143,9728.755408756786,12,False
2011-03-23,21578.8,21578.8,2,3,19064.29,16051.05,20084.8,21820.66,20345.87,18686.99,18886.66,9717.164445871034,12,False
2011-03-24,36697.14,36697.14,3,3,21578.8,19064.29,16051.05,32028.94,24431.72,32855.05,19553.545714285716,10862.168503182442,12,False
2011-03-25,27302.75,27302.75,4,3,36697.14,21578.8,19064.29,23398.74,20896.0,17322.47,20111.261428571426,11187.847184857077,12,False
2011-03-26,0.0,0.0,5,3,27302.75,36697.14,21578.8,0.0,0.0,0.0,20111.261428571426,11187.847184857077,12,False
2011-03-27,9224.4,9224.4,6,3,0.0,27302.75,36697.14,20084.8,4148.12,9997.42,18559.775714285715,11921.13559954596,12,False
2011-03-28,20005.16,20005.16,0,3,9224.4,0.0,27302.75,16051.05,26009.25,20285.68,19124.648571428574,11876.045255803005,13,False
2011-03-29,37190.52,37190.52,1,3,20005.16,9224.4,0.0,19064.29,14936.43,22230.61,21714.109999999997,13697.187055458997,13,False
2011-03-30,29587.42,29587.42,2,3,37190.52,20005.16,9224.4,21578.8,21820.66,20345.87,22858.198571428573,14014.788203528007,13,False
2011-03-31,25688.61,25688.61,3,3,29587.42,37190.52,20005.16,36697.14,32028.94,24431.72,21285.551428571427,12764.97895336094,13,False
2011-04-01,29504.184,24586.82,4,4,25688.61,29587.42,37190.52,27302.75,23398.74,20896.0,21600.041999999998,12963.506717821436,13,False
2011-04-02,0.0,0.0,5,4,29504.184,25688.61,29587.42,0.0,0.0,0.0,21600.041999999998,12963.506717821436,13,False
2011-04-03,8302.199999999999,6918.5,6,4,0.0,29504.184,25688.61,9224.4,20084.8,4148.12,21468.29914285714,13114.048651604837,13,False
2011-04-04,34821.324,29017.77,0,4,8302.199999999999,0.0,29504.184,20005.16,16051.05,26009.25,23584.893999999997,14004.001287602776,14,False
2011-04-05,34511.244,28759.37,1,4,34821.324,8302.199999999999,0.0,37190.52,19064.29,14936.43,23202.140285714286,13600.973463990906,14,False
2011-04-06,15266.784,12722.32,2,4,34511.244,34821.324,8302.199999999999,29587.42,21578.8,21820.66,21156.33514285714,13557.407118022726,14,False
2011-04-07,20193.324,16827.77,3,4,15266.784,34511.244,34821.324,25688.61,36697.14,32028.94,20371.294285714284,13409.521353822764,14,False
2011-04-08,27264.852,22720.71,4,4,20193.324,15266.784,34511.244,29504.184,27302.75,23398.74,20051.389714285713,13180.077570048088,14,False
2011-04-09,0.0,0.0,5,4,27264.852,20193.324,15266.784,0.0,0.0,0.0,20051.389714285713,13180.077570048088,14,False
2011-04-10,11896.776,9913.98,6,4,0.0,27264.852,20193.324,8302.199999999999,9224.4,20084.8,20564.90057142857,12707.577008744445,14,False
2011-04-11,24220.968,20184.14,0,4,11896.776,0.0,27264.852,34821.324,20005.16,16051.05,19050.564000000002,11276.552324074948,15,False
2011-04-12,28828.752,24023.96,1,4,24220.968,11896.776,0.0,34511.244,37190.52,19064.29,18238.779428571426,10123.661796946124,15,False
2011-04-13,29381.304,24484.42,2,4,28828.752,24220.968,11896.776,15266.784,29587.42,21578.8,20255.139428571427,10815.069059140884,15,False
2011-04-14,42843.24,35702.7,3,4,29381.304,28828.752,24220.968,20193.324,25688.61,36697.14,23490.841714285714,13776.334743738656,15,False
2011-04-15,21625.7772,18021.481,4,4,42843.24,29381.304,28828.752,27264.852,29504.184,27302.75,22685.259599999998,13683.42652039939,15,False
2011-04-16,0.0,0.0,5,4,21625.7772,42843.24,29381.304,0.0,0.0,0.0,22685.259599999998,13683.42652039939,15,False
2011-04-17,15270.6,12725.5,6,4,0.0,21625.7772,42843.24,11896.776,8302.199999999999,9224.4,23167.234457142855,13293.962716781092,15,False
2011-04-18,52456.272,43713.56,0,4,15270.6,0.0,21625.7772,24220.968,34821.324,20005.16,27200.849314285715,17336.011134765125,16,False
2011-04-19,22623.648,18853.04,1,4,52456.272,15270.6,0.0,28828.752,34511.244,37190.52,26314.405885714285,17397.432394087846,16,False
2011-04-20,30862.74,25718.95,2,4,22623.648,52456.272,15270.6,29381.304,15266.784,29587.42,26526.039599999996,17449.889592820506,16,False
2011-04-21,33365.364,27804.47,3,4,30862.74,22623.648,52456.272,42843.24,20193.324,25688.61,25172.057314285717,16302.782655905867,16,False
2011-04-22,0.0,0.0,4,4,33365.364,30862.74,22623.648,21625.7772,27264.852,29504.184,22082.660571428572,18924.983906182075,16,False
2011-04-23,0.0,0.0,5,4,0.0,33365.364,30862.74,0.0,0.0,0.0,22082.660571428572,18924.983906182075,16,False
2011-04-24,0.0,0.0,6,4,0.0,0.0,33365.364,15270.6,11896.776,8302.199999999999,19901.14628571429,20643.22645860779,16,False
2011-04-25,0.0,0.0,0,4,0.0,0.0,0.0,52456.272,24220.968,34821.324,12407.393142857143,15811.292651024623,17,False
2011-04-26,25901.292,21584.41,1,4,0.0,0.0,0.0,22623.648,28828.752,34511.244,12875.628,16207.820065576745,17,False
2011-04-27,28311.84,23593.2,2,4,25901.292,0.0,0.0,30862.74,29381.304,15266.784,12511.213714285714,15758.444540814957,17,False
2011-04-28,25587.948,21323.29,3,4,28311.84,25901.292,0.0,33365.364,42843.24,20193.324,11400.154285714287,14244.505783745419,17,False
2011-04-29,0.0,0.0,4,4,25587.948,28311.84,25901.292,0.0,21625.7772,27264.852,11400.154285714287,14244.505783745419,17,False
2011-04-30,0.0,0.0,5,4,0.0,25587.948,28311.84,0.0,0.0,0.0,11400.154285714287,14244.505783745419,17,False
2011-05-01,8368.392,6973.66,6,5,0.0,0.0,25587.948,0.0,15270.6,11896.776,12595.638857142858,13457.708147094632,17,False
2011-05-02,0.0,0.0,0,5,8368.392,0.0,0.0,0.0,52456.272,24220.968,12595.638857142858,13457.708147094632,18,False
2011-05-03,34692.492,28910.41,1,5,0.0,8368.392,0.0,25901.292,22623.648,28828.752,13851.52457142857,15203.339667113749,18,False
2011-05-04,33038.4,27532.0,2,5,34692.492,0.0,8368.392,28311.84,30862.74,29381.304,14526.747428571429,16034.822560456178,18,False
2011-05-05,30279.204,25232.67,3,5,33038.4,34692.492,0.0,25587.948,33365.364,42843.24,15196.926857142857,16660.026780490156,18,False
2011-05-06,36944.04,30786.7,4,5,30279.204,33038.4,34692.492,0.0,0.0,21625.7772,20474.646857142856,16893.534262738787,18,False
2011-05-07,0.0,0.0,5,5,36944.04,30279.204,33038.4,0.0,0.0,0.0,20474.646857142856,16893.534262738787,18,False
2011-05-08,22640.88,18867.4,6,5,0.0,36944.04,30279.204,8368.392,0.0,15270.6,22513.573714285714,16027.994257858365,18,False
2011-05-09,25949.292,21624.41,0,5,22640.88,0.0,36944.04,0.0,0.0,52456.272,26220.615428571433,12583.902749343959,19,False
2011-05-10,35844.84,29870.7,1,5,25949.292,22640.88,0.0,34692.492,25901.292,22623.648,26385.236571428573,12720.003639574417,19,False
2011-05-11,38265.24,31887.7,2,5,35844.84,25949.292,22640.88,33038.4,28311.84,30862.74,27131.927999999996,13315.141861641285,19,False
2011-05-12,71881.87199999999,59901.56,3,5,38265.24,35844.84,25949.292,30279.204,25587.948,33365.364,33075.16628571429,21637.758622799833,19,False
2011-05-13,31062.996,25885.83,4,5,71881.87199999999,38265.24,35844.84,36944.04,0.0,0.0,32235.01714285714,21576.589476703706,19,False
2011-05-14,0.0,0.0,5,5,31062.996,71881.87199999999,38265.24,0.0,0.0,0.0,32235.01714285714,21576.589476703706,19,False
2011-05-15,11616.06,9680.05,6,5,0.0,31062.996,71881.87199999999,22640.88,8368.392,0.0,30660.04285714286,22763.367496980783,19,False
2011-05-16,42848.03999999999,35706.7,0,5,11616.06,0.0,31062.996,25949.292,0.0,0.0,33074.14971428571,23074.46682702152,20,False
2011-05-17,55687.308000000005,46406.09,1,5,42848.03999999999,11616.06,0.0,35844.84,34692.492,25901.292,35908.788,24637.431209535138,20,False
2011-05-18,39459.444,32882.87,2,5,55687.308000000005,42848.03999999999,11616.06,38265.24,33038.4,28311.84,36079.38857142857,24660.59157084668,20,False
2011-05-19,37864.212,31553.51,3,5,39459.444,55687.308000000005,42848.03999999999,71881.87199999999,30279.204,25587.948,31219.722857142857,19169.95035109422,20,False
2011-05-20,30587.592,25489.66,4,5,37864.212,39459.444,55687.308000000005,31062.996,36944.04,0.0,31151.808,19171.440208021937,20,False
2011-05-21,0.0,0.0,5,5,30587.592,37864.212,39459.444,0.0,0.0,0.0,31151.808,19171.440208021937,20,False
2011-05-22,29077.308,24231.09,6,5,0.0,30587.592,37864.212,11616.06,22640.88,8368.392,33646.272,17245.126672473707,20,False
2011-05-23,37568.988,31307.49,0,5,29077.308,0.0,30587.592,42848.03999999999,25949.292,0.0,32892.12171428571,16887.373644307532,21,False
2011-05-24,38954.976,32462.48,1,5,37568.988,29077.308,0.0,55687.308000000005,35844.84,34692.492,30501.78857142857,14072.681384910356,21,False
2011-05-25,26261.916,21884.93,2,5,38954.976,37568.988,29077.308,39459.444,38265.24,33038.4,28616.427428571427,13546.813834128323,21,False
2011-05-26,39317.256,32764.38,3,5,26261.916,38954.976,37568.988,37864.212,71881.87199999999,30279.204,28824.005142857146,13722.132872495054,21,False
2011-05-27,25395.984,21163.32,4,5,39317.256,26261.916,38954.976,30587.592,31062.996,36944.04,28082.34685714286,13751.195552182995,21,False
2011-05-28,0.0,0.0,5,5,25395.984,39317.256,26261.916,0.0,0.0,0.0,28082.34685714286,13751.195552182995,21,False
2011-05-29,8873.16,7394.3,6,5,0.0,25395.984,39317.256,29077.308,11616.06,22640.88,25196.040000000005,15514.830624319697,21,False
2011-05-30,0.0,0.0,0,5,8873.16,0.0,25395.984,37568.988,42848.03999999999,25949.292,19829.041714285715,16952.766298782655,22,False
2011-05-31,21833.58,18194.65,1,5,0.0,8873.16,0.0,38954.976,55687.308000000005,35844.84,17383.128,14836.425137928627,22,False
2011-06-01,18469.068,15390.89,2,6,21833.58,0.0,8873.16,26261.916,39459.444,38265.24,16269.864000000001,14343.337346650691,22,False
2011-06-02,33725.472,28104.56,3,6,18469.068,21833.58,0.0,39317.256,37864.212,71881.87199999999,15471.037714285714,12932.111622132137,22,False
2011-06-03,18050.712,15042.26,4,6,33725.472,18469.068,21833.58,25395.984,30587.592,31062.996,14421.713142857143,12273.818017066153,22,False
2011-06-04,0.0,0.0,5,6,18050.712,33725.472,18469.068,0.0,0.0,0.0,14421.713142857143,12273.818017066153,22,False
2011-06-05,30767.448,25639.54,6,6,0.0,18050.712,33725.472,8873.16,29077.308,11616.06,17549.46857142857,13365.35496592181,22,False
2011-06-06,19549.176,16290.98,0,6,30767.448,0.0,18050.712,0.0,37568.988,42848.03999999999,20342.208000000002,10902.717614121004,23,False
2011-06-07,40689.912,33908.26,1,6,19549.176,30767.448,0.0,21833.58,38954.976,55687.308000000005,23035.969714285715,13380.495199202938,23,False
2011-06-08,36230.556,30192.13,2,6,40689.912,19549.176,30767.448,18469.068,26261.916,39459.444,25573.325142857146,14038.03891006067,23,False
2011-06-09,51492.456,42910.38,3,6,36230.556,40689.912,19549.176,33725.472,39317.256,37864.212,28111.46571428571,17042.339245387317,23,False
2011-06-10,69894.144,58245.12,4,6,51492.456,36230.556,40689.912,18050.712,25395.984,30587.592,35517.67028571428,22372.819588659557,23,False
2011-06-11,0.0,0.0,5,6,69894.144,51492.456,36230.556,0.0,0.0,0.0,35517.67028571428,22372.819588659557,23,False
2011-06-12,14966.652,12472.21,6,6,0.0,69894.144,51492.456,30767.448,8873.16,29077.308,33260.413714285714,23690.26392244824,23,False
2011-06-13,23662.932,19719.11,0,6,14966.652,0.0,69894.144,19549.176,0.0,37568.988,33848.09314285714,23341.90678484569,24,False
2011-06-14,40001.364,33334.47,1,6,23662.932,14966.652,0.0,40689.912,21833.58,38954.976,33749.72914285714,23309.69827756424,24,False
2011-06-15,54093.048,45077.54,2,6,40001.364,23662.932,14966.652,36230.556,18469.068,26261.916,36301.51371428572,24570.195669692595,24,False
2011-06-16,38769.324,32307.77,3,6,54093.048,40001.364,23662.932,51492.456,33725.472,39317.256,34483.92342857143,23714.858248340144,24,False
2011-06-17,22871.076,19059.23,4,6,38769.324,54093.048,40001.364,69894.144,18050.712,25395.984,27766.342285714287,17978.970308108885,24,False
2011-06-18,0.0,0.0,5,6,22871.076,38769.324,54093.048,0.0,0.0,0.0,27766.342285714287,17978.970308108885,24,False
2011-06-19,26930.616,22442.18,6,6,0.0,22871.076,38769.324,14966.652,30767.448,8873.16,29475.480000000003,17106.911590391537,24,False
2011-06-20,31364.076,26136.73,0,6,26930.616,0.0,22871.076,23662.932,19549.176,0.0,30575.64342857143,16917.383114126445,25,False
2011-06-21,23820.792,19850.66,1,6,31364.076,26930.616,0.0,40001.364,40689.912,21833.58,28264.133142857143,16515.494540508844,25,False
2011-06-22,25404.504,21170.42,2,6,23820.792,31364.076,26930.616,54093.048,36230.556,18469.068,24165.769714285714,11972.453912308074,25,False
2011-06-23,27068.172,22556.81,3,6,25404.504,23820.792,31364.076,38769.324,51492.456,33725.472,22494.176571428572,10292.703660843374,25,False
2011-06-24,19226.052,16021.71,4,6,27068.172,25404.504,23820.792,22871.076,69894.144,18050.712,21973.458857142858,10362.42449404701,25,False
2011-06-25,0.0,0.0,5,6,19226.052,27068.172,25404.504,0.0,0.0,0.0,21973.458857142858,10362.42449404701,25,False
2011-06-26,8498.988,7082.49,6,6,0.0,19226.052,27068.172,26930.616,14966.652,30767.448,19340.369142857144,11200.70590190357,25,False
2011-06-27,16094.64,13412.2,0,6,8498.988,0.0,19226.052,31364.076,23662.932,19549.176,17159.021142857142,9877.517852917174,26,False
2011-06-28,36638.844,30532.37,1,6,16094.64,8498.988,0.0,23820.792,40001.364,40689.912,18990.17142857143,12227.051168199903,26,False
2011-06-29,15084.755999999998,12570.63,2,6,36638.844,16094.64,8498.988,25404.504,54093.048,36230.556,17515.921714285712,11943.613379898938,26,False
2011-06-30,50091.648,41743.04,3,6,15084.755999999998,36638.844,16094.64,27068.172,38769.324,51492.456,20804.989714285715,17078.76889967719,26,False
2011-07-01,14627.148,12189.29,4,7,50091.648,15084.755999999998,36638.844,19226.052,22871.076,69894.144,20148.00342857143,17237.34970858022,26,False
2011-07-02,0.0,0.0,5,7,14627.148,50091.648,15084.755999999998,0.0,0.0,0.0,20148.00342857143,17237.349708580223,26,False
2011-07-03,7238.868,6032.39,6,7,0.0,14627.148,50091.648,8498.988,26930.616,14966.652,19967.986285714283,17385.22707986769,26,False
2011-07-04,37182.204,30985.17,0,7,7238.868,0.0,14627.148,16094.64,31364.076,23662.932,22980.495428571427,18399.622842269422,27,False
2011-07-05,31190.712,25992.26,1,7,37182.204,7238.868,0.0,36638.844,23820.792,40001.364,22202.190857142858,17832.057223047974,27,False
2011-07-06,27552.576,22960.48,2,7,31190.712,37182.204,7238.868,15084.755999999998,25404.504,54093.048,23983.308,17624.110772516164,27,False
2011-07-07,33472.392,27893.66,3,7,27552.576,31190.712,37182.204,50091.648,27068.172,38769.324,21609.12857142857,14332.92180623346,27,False
2011-07-08,21069.96,17558.3,4,7,33472.392,27552.576,31190.712,14627.148,19226.052,22871.076,22529.530285714285,14013.14002321039,27,False
2011-07-09,0.0,0.0,5,7,21069.96,33472.392,27552.576,0.0,0.0,0.0,22529.530285714285,14013.14002321039,27,False
2011-07-10,7192.643999999999,5993.87,6,7,0.0,21069.96,33472.392,7238.868,8498.988,26930.616,22522.926857142855,14021.554730894912,27,False
2011-07-11,24096.036,20080.03,0,7,7192.643999999999,0.0,21069.96,37182.204,16094.64,31364.076,20653.47428571429,12534.886504175653,28,False
2011-07-12,21537.828,17948.19,1,7,24096.036,7192.643999999999,0.0,31190.712,36638.844,23820.792,19274.490857142857,11684.589664782648,28,False
2011-07-13,23319.42,19432.85,2,7,21537.828,24096.036,7192.643999999999,27552.576,15084.755999999998,25404.504,18669.754285714287,11287.54939227771,28,False
2011-07-14,38425.092,32020.91,3,7,23319.42,21537.828,24096.036,33472.392,50091.648,27068.172,19377.282857142858,12463.972987829262,28,False
2011-07-15,14228.759999999998,11857.3,4,7,38425.092,23319.42,21537.828,21069.96,14627.148,19226.052,18399.96857142857,12576.829655210991,28,False
2011-07-16,0.0,0.0,5,7,14228.759999999998,38425.092,23319.42,0.0,0.0,0.0,18399.96857142857,12576.829655210991,28,False
2011-07-17,20350.32,16958.6,6,7,0.0,14228.759999999998,38425.092,7192.643999999999,7238.868,8498.988,20279.63657142857,11565.23201360572,28,False
2011-07-18,26422.032,22018.36,0,7,20350.32,0.0,14228.759999999998,24096.036,37182.204,16094.64,20611.921714285712,11725.462124941127,29,False
2011-07-19,55918.896,46599.08,1,7,26422.032,20350.32,0.0,21537.828,31190.712,36638.844,25523.502857142856,17803.45705082138,29,False
2011-07-20,32492.364,27076.97,2,7,55918.896,26422.032,20350.32,23319.42,27552.576,15084.755999999998,26833.923428571426,17951.16118635858,29,False
2011-07-21,36473.652,30394.71,3,7,32492.364,55918.896,26422.032,38425.092,33472.392,50091.648,26555.146285714287,17755.23532578324,29,False
2011-07-22,17560.524,14633.77,4,7,36473.652,32492.364,55918.896,14228.759999999998,21069.96,14627.148,27031.11257142857,17411.049713260218,29,False
2011-07-23,0.0,0.0,5,7,17560.524,36473.652,32492.364,0.0,0.0,0.0,27031.11257142857,17411.049713260218,29,False
2011-07-24,32156.304,26796.92,6,7,0.0,17560.524,36473.652,20350.32,7192.643999999999,7238.868,28717.681714285714,17226.872913113075,29,False
2011-07-25,23624.772,19687.31,0,7,32156.304,0.0,17560.524,26422.032,24096.036,37182.204,28318.073142857145,17321.1855582595,30,False
2011-07-26,20751.6012,17293.001,1,7,23624.772,32156.304,0.0,55918.896,21537.828,31190.712,23294.17388571429,12375.445742215821,30,False
2011-07-27,27426.384,22855.32,2,7,20751.6012,23624.772,32156.304,32492.364,23319.42,27552.576,22570.462457142858,11886.351383963553,30,False
2011-07-28,65038.044,54198.37,3,7,27426.384,20751.6012,23624.772,36473.652,38425.092,33472.392,26651.089885714286,19754.10614065363,30,False
2011-07-29,20688.732,17240.61,4,7,65038.044,27426.384,20751.6012,17560.524,14228.759999999998,21069.96,27097.976742857143,19548.493654202935,30,False
2011-07-30,0.0,0.0,5,7,20688.732,65038.044,27426.384,0.0,0.0,0.0,27097.976742857143,19548.493654202935,30,False
2011-07-31,40071.948,33393.29,6,7,0.0,20688.732,65038.044,32156.304,20350.32,7192.643999999999,28228.783028571426,20110.7260785574,30,False
2011-08-01,23770.08,19808.4,0,8,40071.948,0.0,20688.732,23624.772,26422.032,24096.036,28249.541314285714,20105.256026063667,31,False
2011-08-02,24332.46,20277.05,1,8,23770.08,40071.948,0.0,20751.6012,55918.896,21537.828,28761.09257142857,19927.45403744098,31,False
2011-08-03,31941.324,26617.77,2,8,24332.46,23770.08,40071.948,27426.384,32492.364,23319.42,29406.084,19950.10807762726,31,False
2011-08-04,74495.53199999999,62079.61,3,8,31941.324,24332.46,23770.08,65038.044,36473.652,38425.092,30757.153714285716,22871.68881589615,31,False
2011-08-05,23790.48,19825.4,4,8,74495.53199999999,31941.324,24332.46,20688.732,17560.524,14228.759999999998,31200.26057142857,22673.302644166564,31,False
2011-08-06,0.0,0.0,5,8,23790.48,74495.53199999999,31941.324,0.0,0.0,0.0,31200.26057142857,22673.302644166564,31,False
2011-08-07,9092.352,7576.96,6,8,0.0,23790.48,74495.53199999999,40071.948,32156.304,20350.32,26774.603999999996,23655.23073838918,31,False
2011-08-08,23710.344,19758.62,0,8,9092.352,0.0,23790.48,23770.08,23624.772,26422.032,26766.070285714286,23656.50602135228,32,False
2011-08-09,31148.544,25957.12,1,8,23710.344,9092.352,0.0,24332.46,20751.6012,55918.896,27739.79657142857,23679.908078041237,32,False
2011-08-10,23833.872,19861.56,2,8,31148.544,23710.344,9092.352,31941.324,27426.384,32492.364,26581.58914285714,23638.392438285504,32,False
2011-08-11,65263.404,54386.17,3,8,23833.872,31148.544,23710.344,74495.53199999999,65038.044,36473.652,25262.713714285714,20579.12549223307,32,False
2011-08-12,21564.204,17970.170000000002,4,8,65263.404,23833.872,31148.544,23790.48,20688.732,17560.524,24944.674285714285,20622.826732372578,32,False
2011-08-13,0.0,0.0,5,8,21564.204,65263.404,23833.872,0.0,0.0,0.0,24944.674285714285,20622.826732372578,32,False
2011-08-14,6862.284,5718.57,6,8,0.0,21564.204,65263.404,9092.352,40071.948,32156.304,24626.093142857142,20923.559900996042,32,False
2011-08-15,20692.764,17243.97,0,8,6862.284,0.0,21564.204,23710.344,23770.08,23624.772,24195.010285714285,20976.589364609797,33,False
2011-08-16,19293.408,16077.84,1,8,20692.764,6862.284,0.0,31148.544,24332.46,20751.6012,22501.419428571426,20799.439624424947,33,False
2011-08-17,58523.568,48769.64,2,8,19293.408,20692.764,6862.284,23833.872,31941.324,27426.384,27457.090285714283,24898.49116739544,33,False
2011-08-18,64899.372,54082.81,3,8,58523.568,19293.408,20692.764,65263.404,74495.53199999999,65038.044,27405.085714285717,24806.57623312151,33,False
2011-08-19,20807.508,17339.59,4,8,64899.372,58523.568,19293.408,21564.204,23790.48,20688.732,27296.986285714287,24837.900074109097,33,False
2011-08-20,0.0,0.0,5,8,20807.508,64899.372,58523.568,0.0,0.0,0.0,27296.986285714287,24837.900074109097,33,False
2011-08-21,17480.208,14566.84,6,8,0.0,20807.508,64899.372,6862.284,9092.352,40071.948,28813.832571428567,23679.153983945,33,False
2011-08-22,35547.816,29623.18,0,8,17480.208,0.0,20807.508,20692.764,23710.344,23770.08,30935.98285714286,23494.978632325532,34,False
2011-08-23,26878.932,22399.11,1,8,35547.816,17480.208,0.0,19293.408,31148.544,24332.46,32019.629142857146,23039.003931905245,34,False
2011-08-24,46340.412,38617.01,2,8,26878.932,35547.816,17480.208,58523.568,23833.872,31941.324,30279.178285714286,21079.99081056661,34,False
2011-08-25,26994.348,22495.29,3,8,46340.412,26878.932,35547.816,64899.372,65263.404,74495.53199999999,24864.174857142854,14566.92908447437,34,False
2011-08-26,28933.968,24111.64,4,8,26994.348,46340.412,26878.932,20807.508,21564.204,23790.48,26025.097714285715,14513.470839113459,34,False
2011-08-27,0.0,0.0,5,8,28933.968,26994.348,46340.412,0.0,0.0,0.0,26025.097714285715,14513.470839113459,34,False
2011-08-28,12966.036,10805.03,6,8,0.0,28933.968,26994.348,17480.208,6862.284,9092.352,25380.216000000004,15046.914747089391,34,False
2011-08-29,0.0,0.0,0,8,12966.036,0.0,28933.968,35547.816,20692.764,23710.344,20301.95657142857,16924.893417274405,35,False
2011-08-30,10600.452,8833.710000000001,1,8,0.0,12966.036,0.0,26878.932,19293.408,31148.544,17976.459428571427,16988.81558333772,35,False
2011-08-31,24649.008,20540.84,2,8,10600.452,0.0,12966.036,46340.412,58523.568,23833.872,14877.68742857143,12278.1072995521,35,False
2011-09-01,44844.18,37370.15,3,9,24649.008,10600.452,0.0,26994.348,64899.372,65263.404,17427.663428571428,16381.758572581717,35,False
2011-09-02,36356.46,30297.05,4,9,44844.18,24649.008,10600.452,28933.968,20807.508,21564.204,18488.019428571428,17455.6862483596,35,False
2011-09-03,0.0,0.0,5,9,36356.46,44844.18,24649.008,0.0,0.0,0.0,18488.019428571428,17455.6862483596,35,False
2011-09-04,20406.036,17005.03,6,9,0.0,36356.46,44844.18,12966.036,17480.208,6862.284,19550.876571428573,17289.13302167493,35,False
2011-09-05,42838.44,35698.7,0,9,20406.036,0.0,36356.46,0.0,35547.816,20692.764,25670.653714285716,16789.862286649193,36,False
2011-09-06,30594.984,25495.82,1,9,42838.44,20406.036,0.0,10600.452,26878.932,19293.408,28527.01542857143,15445.729112937937,36,False
2011-09-07,26360.904,21967.42,2,9,30594.984,42838.44,20406.036,24649.008,46340.412,58523.568,28771.572000000004,15387.536778564667,36,False
2011-09-08,27825.96,23188.3,3,9,26360.904,30594.984,42838.44,44844.18,26994.348,64899.372,26340.397714285715,13673.873652275308,36,False
2011-09-09,30170.58,25142.15,4,9,27825.96,26360.904,30594.984,36356.46,28933.968,20807.508,25456.70057142857,13106.812936400467,36,False
2011-09-10,0.0,0.0,5,9,30170.58,27825.96,26360.904,0.0,0.0,0.0,25456.70057142857,13106.812936400467,36,False
2011-09-11,42614.00399999999,35511.67,6,9,0.0,30170.58,27825.96,20406.036,12966.036,17480.208,28629.267428571427,14312.80811711701,36,False
2011-09-12,33587.28,27989.4,0,9,42614.00399999999,0.0,30170.58,42838.44,0.0,35547.816,27307.673142857144,13163.04093846378,37,False
2011-09-13,57794.7,48162.25,1,9,33587.28,42614.00399999999,0.0,30594.984,10600.452,26878.932,31193.346857142857,17571.553967067834,37,False
2011-09-14,26433.54,22027.95,2,9,57794.7,33587.28,42614.00399999999,26360.904,24649.008,46340.412,31203.723428571426,17568.24576967668,37,False
2011-09-15,86392.404,71993.67,3,9,26433.54,57794.7,33587.28,27825.96,44844.18,26994.348,39570.35828571428,27068.544727995788,37,False
2011-09-16,27898.776,23248.98,4,9,86392.404,26433.54,57794.7,30170.58,36356.46,28933.968,39245.814857142854,27213.26081258138,37,False
2011-09-17,0.0,0.0,5,9,27898.776,86392.404,26433.54,0.0,0.0,0.0,39245.814857142854,27213.26081258138,37,False
2011-09-18,18894.876,15745.73,6,9,0.0,27898.776,86392.404,42614.00399999999,20406.036,12966.036,35857.368,28183.370965461178,37,False
2011-09-19,55928.664,46607.22,0,9,18894.876,0.0,27898.776,33587.28,42838.44,0.0,39048.99428571428,29132.492366825958,38,False
2011-09-20,124122.972,103435.81,1,9,55928.664,18894.876,0.0,57794.7,30594.984,10600.452,48524.46171428571,43493.105755383396,38,False
2011-09-21,46203.672,38503.06,2,9,124122.972,55928.664,18894.876,26433.54,26360.904,24649.008,51348.76628571428,42448.87485360021,38,False
2011-09-22,69443.232,57869.36,3,9,46203.672,124122.972,55928.664,86392.404,27825.96,44844.18,48927.456,40558.0978325272,38,False
2011-09-23,38137.32,31781.1,4,9,69443.232,46203.672,124122.972,27898.776,30170.58,36356.46,50390.10514285714,39851.813119579805,38,False
2011-09-24,0.0,0.0,5,9,38137.32,69443.232,46203.672,0.0,0.0,0.0,50390.10514285714,39851.813119579805,38,False
2011-09-25,37647.1932,31372.661,6,9,0.0,38137.32,69443.232,18894.876,42614.00399999999,20406.036,53069.0076,37967.52728957034,38,False
2011-09-26,35195.8092,29329.841,0,9,37647.1932,0.0,38137.32,55928.664,33587.28,42838.44,50107.1712,38512.04364265538,39,False
2011-09-27,35129.232,29274.36,1,9,35195.8092,37647.1932,0.0,124122.972,57794.7,30594.984,37393.77977142857,20468.075453023026,39,False
2011-09-28,46869.468,39057.89,2,9,35129.232,35195.8092,37647.1932,46203.672,26433.54,26360.904,37488.89348571429,20517.32526630193,39,False
2011-09-29,53675.244,44729.37,3,9,46869.468,35129.232,35195.8092,69443.232,86392.404,27825.96,35236.32377142857,16986.089982498048,39,False
2011-09-30,48040.128,40033.44,4,9,53675.244,46869.468,35129.232,38137.32,27898.776,30170.58,36651.01062857143,17666.709600451504,39,False
2011-10-01,0.0,0.0,5,10,48040.128,53675.244,46869.468,0.0,0.0,0.0,36651.01062857143,17666.709600451504,39,False
2011-10-02,13899.54,11582.95,6,10,0.0,48040.128,53675.244,37647.1932,18894.876,42614.00399999999,33258.488742857146,19616.10040872841,39,False
2011-10-03,74731.14,62275.95,0,10,13899.54,0.0,48040.128,35195.8092,55928.664,33587.28,38906.39314285714,25171.691091495497,40,False
2011-10-04,46428.24,38690.2,1,10,74731.14,13899.54,0.0,35129.232,124122.972,57794.7,40520.537142857145,25251.261362250436,40,False
2011-10-05,88930.116,74108.43,2,10,46428.24,74731.14,13899.54,46869.468,46203.672,26433.54,46529.20114285714,31294.853951171615,40,False
2011-10-06,72465.36,60387.8,3,10,88930.116,46428.24,74731.14,53675.244,69443.232,86392.404,49213.50342857143,32780.55154958541,40,False
2011-10-07,59025.204,49187.67,4,10,72465.36,88930.116,46428.24,48040.128,38137.32,27898.776,50782.8,32977.3689456711,40,False
2011-10-08,0.0,0.0,5,10,59025.204,72465.36,88930.116,0.0,0.0,0.0,50782.8,32977.3689456711,40,False
2011-10-09,14960.172,12466.81,6,10,0.0,59025.204,72465.36,13899.54,37647.1932,18894.876,50934.318857142855,32781.51480718915,40,False
2011-10-10,51696.384,43080.32,0,10,14960.172,0.0,59025.204,74731.14,35195.8092,55928.664,47643.63942857143,31108.03306593875,41,False
2011-10-11,55724.124,46436.77,1,10,51696.384,14960.172,0.0,46428.24,35129.232,124122.972,48971.62285714286,31245.61457927985,41,False
2011-10-12,33277.644,27731.37,2,10,55724.124,51696.384,14960.172,88930.116,46869.468,46203.672,41021.269714285714,26028.48943967984,41,False
2011-10-13,39647.016,33039.18,3,10,33277.644,55724.124,51696.384,72465.36,53675.244,69443.232,36332.93485714286,22076.33706149083,41,False
2011-10-14,38549.616,32124.68,4,10,39647.016,33277.644,55724.124,59025.204,48040.128,38137.32,33407.85085714286,19808.540792223783,41,False
2011-10-15,0.0,0.0,5,10,38549.616,39647.016,33277.644,0.0,0.0,0.0,33407.85085714286,19808.540792223783,41,False
2011-10-16,26413.152,22010.96,6,10,0.0,38549.616,39647.016,14960.172,13899.54,37647.1932,35043.99085714285,18457.78972002427,41,False
2011-10-17,56406.28799999999,47005.24,0,10,26413.152,0.0,38549.616,51696.384,74731.14,35195.8092,35716.834285714285,19235.455639571966,42,False
2011-10-18,44762.88,37302.4,1,10,56406.28799999999,26413.152,0.0,55724.124,46428.24,35129.232,34150.942285714285,17721.887122216893,42,False
2011-10-19,44800.224,37333.52,2,10,44762.88,56406.28799999999,26413.152,33277.644,88930.116,46869.468,35797.02514285714,18157.042383796583,42,False
2011-10-20,73276.87199999999,61064.06,3,10,44800.224,44762.88,56406.28799999999,39647.016,72465.36,53675.244,40601.29028571428,23117.161282824083,42,False
2011-10-21,72500.712,60417.26,4,10,73276.87199999999,44800.224,44762.88,38549.616,59025.204,48040.128,45451.44685714286,25997.16164512383,42,False
2011-10-22,0.0,0.0,5,10,72500.712,73276.87199999999,44800.224,0.0,0.0,0.0,45451.44685714286,25997.16164512383,42,False
2011-10-23,14806.991999999998,12339.16,6,10,0.0,72500.712,73276.87199999999,26413.152,14960.172,13899.54,43793.424,27726.332686564954,42,False
2011-10-24,47178.336,39315.28,0,10,14806.991999999998,0.0,72500.712,56406.28799999999,51696.384,74731.14,42475.145142857145,27241.834930933586,43,False
2011-10-25,43483.13999999999,36235.95,1,10,47178.336,14806.991999999998,0.0,44762.88,55724.124,46428.24,42292.32514285714,27228.21386972846,43,False
2011-10-26,41322.384,34435.32,2,10,43483.13999999999,47178.336,14806.991999999998,44800.224,33277.644,88930.116,41795.49085714285,27206.54670664385,43,False
2011-10-27,67004.568,55837.14,3,10,41322.384,43483.13999999999,47178.336,73276.87199999999,39647.016,72465.36,40899.447428571424,26076.73630254957,43,False
2011-10-28,44748.684,37290.57,4,10,67004.568,41322.384,43483.13999999999,72500.712,38549.616,59025.204,36934.871999999996,22308.924778078577,43,False
2011-10-29,0.0,0.0,5,10,44748.684,67004.568,41322.384,0.0,0.0,0.0,36934.871999999996,22308.924778078577,43,False
2011-10-30,41485.476,34571.23,6,10,0.0,44748.684,67004.568,14806.991999999998,26413.152,14960.172,40746.083999999995,20064.547148439116,43,False
2011-10-31,39658.284,33048.57,0,10,41485.476,0.0,44748.684,47178.336,56406.28799999999,51696.384,39671.79085714285,19863.06042373877,44,False
2011-11-01,34959.372,29132.81,1,11,39658.284,41485.476,0.0,43483.13999999999,44762.88,55724.124,38454.10971428571,19851.734995625666,44,False
2011-11-02,46481.63999999999,38734.7,2,11,34959.372,39658.284,41485.476,41322.384,44800.224,33277.644,39191.14628571428,20070.542173277652,44,False
2011-11-03,72806.53199999999,60672.11,3,11,46481.63999999999,34959.372,39658.284,67004.568,73276.87199999999,39647.016,40019.99828571429,21480.83928595465,44,False
2011-11-04,67319.08799999999,56099.24,4,11,72806.53199999999,46481.63999999999,34959.372,44748.684,72500.712,38549.616,43244.341714285714,23870.008502304743,44,False
2011-11-05,0.0,0.0,5,11,67319.08799999999,72806.53199999999,46481.63999999999,0.0,0.0,0.0,43244.341714285714,23870.008502304743,44,False
2011-11-06,51529.608,42941.34,6,11,0.0,67319.08799999999,72806.53199999999,41485.476,14806.991999999998,26413.152,44679.21771428571,24047.882028282922,44,False
2011-11-07,34535.088,28779.24,0,11,51529.608,0.0,67319.08799999999,39658.284,47178.336,56406.28799999999,43947.33257142857,24302.77001200321,45,False
2011-11-08,45954.144,38295.12,1,11,34535.088,51529.608,0.0,34959.372,43483.13999999999,44762.88,45518.014285714286,23978.19270045557,45,False
2011-11-09,73787.016,61489.18,2,11,45954.144,34535.088,51529.608,46481.63999999999,41322.384,44800.224,49418.78228571429,26272.350159934853,45,False
2011-11-10,84615.94799999999,70513.29,3,11,73787.016,45954.144,34535.088,72806.53199999999,67004.568,73276.87199999999,51105.841714285714,28323.573069587193,45,False
2011-11-11,44497.644,37081.37,4,11,84615.94799999999,73787.016,45954.144,67319.08799999999,44748.684,72500.712,47845.635428571426,27446.14440226974,45,False
2011-11-12,0.0,0.0,5,11,44497.644,84615.94799999999,73787.016,0.0,0.0,0.0,47845.635428571426,27446.14440226974,45,False
2011-11-13,34329.336,28607.78,6,11,0.0,44497.644,84615.94799999999,51529.608,41485.476,14806.991999999998,45388.45371428571,27828.64099507938,45,False
2011-11-14,70533.252,58777.71,0,11,34329.336,0.0,44497.644,34535.088,39658.284,47178.336,50531.04857142857,28797.97712295755,46,False
2011-11-15,57274.8,47729.0,1,11,70533.252,34329.336,0.0,45954.144,34959.372,43483.13999999999,52148.28514285714,28815.976087421113,46,False
2011-11-16,58127.712,48439.76,2,11,57274.8,70533.252,34329.336,73787.016,46481.63999999999,41322.384,49911.24171428571,27430.673817668074,46,False
2011-11-17,67062.36,55885.3,3,11,58127.712,57274.8,70533.252,84615.94799999999,72806.53199999999,67004.568,47403.586285714286,24359.72450029476,46,False
2011-11-18,44101.5,36751.25,4,11,67062.36,58127.712,57274.8,44497.644,67319.08799999999,44748.684,47346.99428571429,24368.0594257822,46,False
2011-11-19,0.0,0.0,5,11,44101.5,67062.36,58127.712,0.0,0.0,0.0,47346.99428571429,24368.0594257822,46,False
2011-11-20,36229.104,30190.92,6,11,0.0,44101.5,67062.36,34329.336,51529.608,41485.476,47618.38971428572,24208.973508053183,46,False
2011-11-21,54399.756,45333.13,0,11,36229.104,0.0,44101.5,70533.252,34535.088,39658.284,45313.60457142857,22361.269206399233,47,False
2011-11-22,59597.868,49664.89,1,11,54399.756,36229.104,0.0,57274.8,45954.144,34959.372,45645.47142857143,22584.497630995345,47,False
2011-11-23,86375.91599999998,71979.93,2,11,59597.868,54399.756,36229.104,58127.712,73787.016,46481.63999999999,49680.92914285714,27232.10590468319,47,False
2011-11-24,46294.932,38579.11,3,11,86375.91599999998,59597.868,54399.756,67062.36,84615.94799999999,72806.53199999999,46714.15371428571,26131.92203330395,47,False
2011-11-25,32009.592,26674.66,4,11,46294.932,86375.91599999998,59597.868,44101.5,44497.644,67319.08799999999,44986.73828571429,26726.312011032805,47,False
2011-11-26,0.0,0.0,5,11,32009.592,46294.932,86375.91599999998,0.0,0.0,0.0,44986.73828571429,26726.312011032805,47,False
2011-11-27,20761.152,17300.96,6,11,0.0,32009.592,46294.932,36229.104,34329.336,51529.608,42777.03085714286,28171.432771608488,47,False
2011-11-28,62198.00399999999,51831.67,0,11,20761.152,0.0,32009.592,54399.756,70533.252,34535.088,43891.06628571428,28853.586374279163,48,False
2011-11-29,58622.016,48851.68,1,11,62198.00399999999,20761.152,0.0,59597.868,57274.8,45954.144,43751.65885714285,28767.27857109784,48,False
2011-11-30,49777.476,41481.23,2,11,58622.016,62198.00399999999,20761.152,86375.91599999998,58127.712,73787.016,38523.31028571429,22336.3368829474,48,False
2011-12-01,53440.78799999999,44533.99,3,12,49777.476,58622.016,62198.00399999999,46294.932,67062.36,84615.94799999999,39544.146857142856,22906.731027649163,48,False
2011-12-02,53656.428,44713.69,4,12,53440.78799999999,49777.476,58622.016,32009.592,44101.5,44497.644,42636.552,23179.574821471422,48,False
2011-12-03,0.0,0.0,5,12,53656.428,53440.78799999999,49777.476,0.0,0.0,0.0,42636.552,23179.574821471422,48,False
2011-12-04,24451.152,20375.96,6,12,0.0,53656.428,53440.78799999999,20761.152,36229.104,34329.336,43163.69485714286,22634.732250394503,48,False
2011-12-05,69842.652,58202.21,0,12,24451.152,0.0,53656.428,62198.00399999999,54399.756,70533.252,44255.78742857143,23857.562709669448,49,False
2011-12-06,55372.848,46144.04,1,12,69842.652,24451.152,0.0,58622.016,59597.868,57274.8,43791.62057142857,23561.239875970918,49,False
2011-12-07,83225.05200000001,69354.21,2,12,55372.848,69842.652,24451.152,49777.476,86375.91599999998,58127.712,48569.845714285715,27958.711067594882,49,False
2011-12-08,60623.292,50519.41,3,12,83225.05200000001,55372.848,69842.652,53440.78799999999,46294.932,67062.36,49595.917714285715,28297.01653807066,49,False
2011-12-09,221219.136,184349.28,4,12,60623.292,83225.05200000001,55372.848,53656.428,32009.592,44101.5,73533.44742857144,70982.78063369129,49,False
